<?xml version="1.0" encoding="utf-8"?>
<install type="module" version="1.5.0">
	<name>mod_demositecountdown</name>
	<creationDate>14 April 2011</creationDate>
	<author>cedric.walter</author>
	<copyright>Copyright (C) 2011 FlashXML.net for flash file</copyright>
	<license>http://www.gnu.org/licenses/gpl-2.0.html GNU/GPL</license>
	<authorEmail>cedric.walter@gmail.com</authorEmail>
	<authorUrl>http://www.cedricwalter.com</authorUrl>
	<version>0.1.1</version>
	<description></description>
	<files>
		<filename module="mod_demositecountdown">mod_demositecountdown.php</filename>
		<filename module="mod_demositecountdown">settings.xml</filename>
		<filename module="mod_demositecountdown">time.php</filename>
		<filename module="mod_demositecountdown">settings.placeholder.xml</filename>
		<filename module="mod_demositecountdown">english.xml</filename>
		<filename module="mod_demositecountdown">CountdownFX.swf</filename>
		<filename module="mod_demositecountdown">sound/clock.mp3</filename>
		<filename module="mod_demositecountdown">index.html</filename>
	</files>
	<params>
		<param name="moduleclass_sfx" type="text" default="" label="Module Class Suffix" description="PARAMMODULECLASSSUFFIX" />
		<param name="text" type="text" size="40" default="Demo Site will be renewed in" label="text" description="text" />
		<param name="width" type="text" size="10" default="180" label="Width" description="Width of the Flash component (optional)" />
		<param name="height" type="text" size="10" default="80" label="Height" description="Height of the Flash component (optional)" />
		<param name="wmode" type="list" size="10" default="transparent" label="SWF wmode" description="Wmode parameter of the Flash component (optional)">
			<option value="transparent">transparent</option>
			<option value="window">window</option>
		</param>
	</params>
</install>